"M"	"F"		"L1"	"L2"
"Acca"	"Ægileif"		"Ad"	"age"
"Aculf"	"Ærinndís"		"Al"	"ard"
"Adalaver"	"Ærndís"		"Alf"	"bald"
"Adalbert"	"Æringunnr"		"All"	"bert"
"Adelgar"	"Æsa"		"Am"	"bolt"
"Aefic"	"Æsileif"		"Ash"	"bon"
"Aegelbriht"	"Ætta"		"Av"	"borrow"
"Aegelric"	"Ádís"		"Ayl"	"bow"
"Aelfferth"	"Ádísa"		"Bad"	"chard"
"Aelfgaerd"	"Aðísla"		"Bal"	"dolph"
"Aelfgar"	"Áfríðr"		"Bald"	"eray"
"Aelfgeat"	"Ágerðr"		"Bals"	"ers"
"Aelfheah"	"Ágærðr"		"Bed"	"ey"
"Aelfheard"	"Agata"		"Bright"	"gar"
"Aelflhere"	"Agnes"		"Brun"	"gard"
"Aelfmaer"	"Aldís"		"Bur"	"ger"
"Aelfnoth"	"Álfdís"		"Burr"	"guard"
"Aelfred"	"Alfdís"		"Cob"	"hawk"
"Aelfric"	"Aldríf"		"Cutte"	"hold"
"Aelfsi"	"Álfeiðr"		"Dar"	"ick"
"Aelfsig"	"Alhildr"		"Dear"	"ing"
"Aelfsige"	"Álfhildr"		"Dewd"	"ker"
"Aelfstan"	"Alfífa"		"East"	"lard"
"Aelfun"	"Álfífa"		"Edd"	"latt"
"Aelfweard"	"Alfrún"		"Ell"	"liffe"
"Aelfwig"	"Álmveig"		"Els"	"loe"
"Aelfwine"	"Álof"		"Else"	"love"
"Aelfwold"	"Álöf"		"Er"	"man"
"Aelfyeat"	"Alvé"		"Fre"	"mble"
"Aelle"	"Alví"		"Free"	"mer"
"Aelmaer"	"Alvör"		"Glad"	"mon"
"Aesc"	"Alþrúðr"		"God"	"mond"
"Aescferth"	"Amma"		"Gold"	"more"
"Aescwig"	"Ámóða"		"Good"	"nard"
"Aescwine"	"Arnbjörg"		"Gum"	"natt"
"Aescwulf"	"Arndís"		"Hald"	"nell"
"Aethelbald"	"Arneiðr"		"Hul"	"ney"
"Aethelberht"	"Arnfasta"		"Is"	"noth"
"Aethelbrlht"	"Arnfríðr"		"Ken"	"ols"
"Aethelbryht"	"Arngerðr"		"Ker"	"phee"
"Aethelferth"	"Arngærðr"		"Kin"	"rard"
"Aethelgar"	"Arinngærðr"		"Lam"	"red"
"Aethelgeard"	"Ærngærðr"		"Lea"	"rich"
"Aethelgeat"	"Ærinngærðr"		"Lem"	"rick"
"Aethelheard"	"Arngunnr"		"Liley"	"ridge"
"Aethelhelm"	"Arnkatla"		"Lit"	"rill"
"Aethelhere"	"Arnlaug"		"Love"	"sey"
"Aethelhun"	"Arnleif"		"Med"	"ston"
"Aethelmaer"	"Arnóra"		"Mil"	"ton"
"Aethelman"	"Arnþóra"		"Ord"	"ver"
"Aethelmod"	"Arnvé"		"Orr"	"vers"
"Aethelmund"	"Arnþrúðr"		"Os"	"ves"
"Aethelnoth"	"Ása"		"Out"	"vey"
"Aethelraed"	"Ásbjörg"		"Que"	"vold"
"Aethelred"	"Ásbörg"		"Red"	"ward"
"Aethelric"	"Ásboð?"		"Sea"	"way"
"Aethelsige"	"Ásmóð"		"Sher"	"wer"
"Aethelstan"	"Ásdís"		"Sigg"	"win"
"Aethelstand"	"Ásfríðr"		"Stan"	"wood"
"Aethelthryth"	"Ásgauta"		"Sti"	"wright"
"Aethelweard"	"Ásgerða"		"Tru"	"zo"
"Aethelwig"	"Ásgerðr"		"Utte"	
"Aethelwine"	"Ásgunnr"		"Wack"	
"Aethelwold"	"Ásheiðr"		"Wal"	
"Aethelword"	"Æshæiðr"		"Wen"	
"Aethelwulf"	"Áshildr"		"What"	
"Aethere"	"Áskatla"		"Whitt"	
"Atheric"	"Áslaug"		"Wil"	
"Ahlred"	"Ásleif"		"Win"	
"Aidan"	"Ásmoð"		"Wol"	
"Aldfrith"	"Ásbóð?"		"Wool"	
"Aldhelm"	"Ásný"		"Wy"	
"Aldred"	"Ásta"		"Yon"	
"Aldulf"	"Ástríðr"		"Young"	
"Aldwine"	"Ásvé"			
"Alf"	"Ásví"			
"Alfhun"	"Ásvör"			
"Alfred"	"ÁsælfR"			
"Alfwold"	"Auða"			
"Alhhun"	"AuðælfR"			
"Alric"	"Auðbjörg"			
"Anna"	"Auðfríðr"			
"Anwynd"	"Auðgerðr"			
"Arcenbryht"	"Auðguðr"			
"Arcil"	"Auðhelga"			
"Arnwi"	"Auðhildr"			
"Asser"	"Auðr"			
"Athelstan"	"Auða"			
"Athelwald"	"Auga"			
"Athulf"	"Aþmiul"			
"Baegmund"	"Baugeið"			
"Baegstan"	"Baugeiðr"			
"Baeldaeg"	"Begga"			
"Bald"	"Bera"			
"Baldred"	"Bergdís"			
"Baldric"	"Berghildr"			
"Baldulf"	"Bergljót"			
"Baldwin"	"Bergþóra"			
"Bass"	"Berkhildr"			
"Bealdread"	"Birla"			
"Bealdric"	"Birna"			
"Bealdwulf"	"Bjargey"			
"Bede"	"Bjollok"			
"Benesing"	"Björg"			
"Beocca"	"Böðný"			
"Beonna"	"Böðvildr"			
"Beorhtferth"	"Bolla"			
"Beortfrith"	"Borga"			
"Beorhthelm"	"Borghildr"			
"Beorhtlaf"	"Borgunna"			
"Beorhtmaer"	"Bót"			
"Beorhtread"	"Bótey"			
"Beorhtric"	"Bótfríðr"			
"Beorhtsige"	"Bótheiðr"			
"Beorhtstan"	"Bóthæiðr"			
"Beorhtweald"	"Bóthildr"			
"Beorhtweard"	"Bóthilda"			
"Beorhtwig"	"Bótvé"			
"Beorhtwine"	"Bótví"			
"Beorhtwulf"	"Brígiða"			
"Beorn"	"Bryngerðr"			
"Beornhelm"	"Brynhildr"			
"Beornmod"	"Busla"			
"Beornnoth"	"Dageiðr"			
"Beornraed"	"Dagmær"			
"Beornred"	"Dagný"			
"Beornulf"	"Dagrún"			
"Beornweald"	"Dalla"			
"Beornwig"	"Dís"			
"Beornwulf"	"Dísa"			
"Beorthulf"	"DísælfR"			
"Berhtred"	"Dómhildr"			
"Biede"	"Dóra"			
"Blecca"	"Dóta"			
"Boneval"	"Dótta"			
"Bosa"	"DóttiR"			
"Botulf"	"Drífa"			
"Brand"	"Droplaug"			
"Bregowine"	"Drótt"			
"Brid"	"Dýrfinna"			
"Briht"	"Dýrhildr"			
"Brihteah"	"Edda"			
"Brihtnoth"	"Eðla"			
"Brihtred"	"Eðna"			
"Brihtric"	"Eðný"			
"Brihtwold"	"Eilíf"			
"Brinin"	"Eilína"			
"Brorda"	"Elína"			
"Brunstan"	"Eirný"			
"Brunwine"	"Ellisif"			
"Burhred"	"Embla"			
"Bumoth"	"Emla"			
"Byrhthelm"	"Emma"			
"Byrhtnoth"	"Engilborg"			
"Byrhtsige"	"Ingilborg"			
"Byrhtwold"	"Erna"			
"Byrnstan"	"Esja"			
"Cadwallon"	"Evja"			
"Ceadda"	"Eybjörg"			
"Ceadwalla"	"Eydís"			
"Ceawlin"	"Eyfríðr"			
"Cenbryht"	"Eyfura"			
"Cenred"	"Eyildr"			
"Centus"	"Eyja"			
"Centwine"	"Eylaug"			
"Cenwalh"	"Eyvör"			
"Cenwulf"	"Eyþóra"			
"Ceol"	"Falgerðr"			
"Ceola"	"Fasta"			
"Ceolbeald"	"Fastgerðr"			
"Ceolheard"	"Fastheiðr"			
"Ceolmund"	"Fastný"			
"Ceolnoth"	"Fastríðr"			
"Ceolred"	"Fastvé"			
"Ceolwald"	"Faství"			
"Ceolwulf"	"Finna"			
"Ceorl"	"Fjölmóð"			
"Cerdic"	"Fiölmóð"			
"Cnebba"	"Fjörleif"			
"Coenbeorht"	"Fjötra"			
"Coenhelm"	"Folka"			
"Coenraed"	"Folkvé"			
"Coenric"	"Folkví"			
"Coenwulf"	"Frakokk"			
"Colbrand"	"Freydís"			
"Cola"	"Frøydís"			
"Cole"	"Freygerðr"			
"Colinan"	"Freygunnr"			
"Criba"	"Freylaug"			
"Cumbra"	"Fríða"			
"Cutha"	"FriðælfR"			
"Cuthbald"	"Friðgerðr"			
"Cuthbert"	"Frosthildr"			
"Cuthbriht"	"Gauthildr"			
"Cuthraed"	"Geira"			
"Cuthred"	"GæiRa"			
"Cuthwine"	"Geirbjörg"			
"Cuthwulf"	"Geirdís"			
"Cwaspatric"	"Geirhildr"			
"Cwichelm"	"Geirlaug"			
"Cymen"	"Geirlöð"			
"Cynebriht"	"Geirný"			
"Cyneferth"	"Geirríðr"			
"Cynegils"	"Geirunnr"			
"Cyneheard"	"Geirvé"			
"Cynehelm"	"Gerðr"			
"Cynemund"	"Gilla"			
"Cyneric"	"Gillaug"			
"Cynestan"	"Ginna"			
"Cyneweald"	"Ginnlaug"			
"Cyneweard"	"Gísla"			
"Cynewulf"	"Gíslaug"			
"Cynred"	"Gjaflaug"			
"Cynric"	"Gjaflöð"			
"Cyssa"	"Greilöð"			
"Daegbeorht"	"Grélöð"			
"Daeglaf"	"Grélaða"			
"Daegmund"	"Gríma"			
"Daela"	"Grímhildr"			
"Dearlaf"	"Gróa"			
"Dearmod"	"Gudda"			
"Dearsige"	"GuðælfR"			
"Dereheah"	"Guðbjörg"			
"Deor"	"Guðfinna"			
"Deorweald"	"Guðfríðr"			
"Deorwine"	"Guðlaug"			
"Deorwulf"	"Guðleif"			
"Draca"	"Guðmóð"			
"Dryhthelm"	"Guðný"			
"Dryhtweald"	"Guðríðr"			
"Dude"	"Guðrún"			
"Dudda"	"Guðvé"			
"Dudoc"	"Guðví"			
"Dudwine"	"Guðvör"			
"Dunn"	"Gufa"			
"Dunnere"	"Gufi"			
"Dunstan"	"Gulla"			
"Eaborht"	"Gylla"			
"Eadbald"	"Gullaug"			
"Eadbriht"	"Gulley"			
"Eadgar"	"Gunna"			
"Eadhelm"	"GunnælfR"			
"Eadhun"	"Gunnfríðr"			
"Eadmaer"	"Gunnríðr"			
"Eadmund"	"Gunngifu"			
"Eadnoth"	"Gunnheiðr"			
"Eadred"	"Gunnhæiðr"			
"Eadric"	"Gunnhildr"			
"Eadrige"	"Gunnlaug"			
"Eadsige"	"Gunnlöð"			
"Eadstan"	"Gunnuðr"			
"Eadulf"	"Gunnvör"			
"Eadwacar"	"Gunnþrúðr"			
"Eadweard"	"Gyða"			
"Eadwig"	"Gyðlaug"			
"Eadwine"	"Gynna"			
"Eadwulf"	"Gyra"			
"Eafa"	"Gyríðr"			
"Eaha"	"Gyðríðr"			
"Ealdbriht"	"Hafþóra"			
"Ealdulf"	"Halla"			
"Ealdwine"	"Hallabera"			
"Ealdwulf"	"Hallbera"			
"Ealhelm"	"Hallbjörg"			
"Ealhere"	"Halldís"			
"Ealhheard"	"Halldóra"			
"Ealhstan"	"Hallþóra"			
"Ealmund"	"Hallerna"			
"Ealread"	"Hallfríðr"			
"Ealsige"	"Hallgerðr"			
"Ealstan"	"Hallgríma"			
"Ealwine"	"Hallkatla"			
"Eanbald"	"Hallótta"			
"Eanfrith"	"Hallveig"			
"Eanmund"	"Hallvör"			
"Eanraed"	"Hálma"			
"Eanwulf"	"Haurlaug"			
"Eappa"	"Heðindís"			
"Eardwulf"	"Hiðindís"			
"Earnulf"	"Heðinfast"			
"Earnwig"	"Heðingunnr"			
"Eastmaer"	"Heðinvé"			
"Eastmund"	"Heiðr"			
"Eata"	"Heilvé"			
"Eawig"	"Hæilví"			
"Eawulf"	"Heimlaug"			
"Ecceard"	"Hæimlaug"			
"Ecga"	"Hekja"			
"Ecgbeorht"	"Helga"			
"Ecgbryht"	"Hælga"			
"Ecgferth"	"Helgunnr"			
"Ecgheard"	"Herborg"			
"Ecglaf"	"Herdís"			
"Ecgulf"	"Herfríðr"			
"Ecgwulf"	"Herríðr"			
"Edgar"	"Hergerðr"			
"Edmund"	"Hergunnr"			
"Edward"	"Herleif"			
"Edwin"	"Herríðr"			
"Egbalth"	"Herfríðr"			
"Elda"	"Hervör"			
"Elesa"	"Herþrúðr"			
"Eohric"	"Hildibjörg"			
"Eomer"	"Hildigerðr"			
"Eoppa"	"Hildegærdh"			
"Eormenric"	"Hildigard"			
"Eorpwald"	"Hildigunnr"			
"Eowils"	"Hildiríðr"			
"Ercenberht"	"Hildr"			
"Ermanaric"	"Hilda"			
"Ermenred"	"Hjalmdís"			
"Esla"	"Hjálmgerðr"			
"Feologild"	"Hjalmlaug"			
"Fordraed"	"Hialmlaug"			
"Forthere"	"Hjálp"			
"Forthred"	"Hjölp"			
"Fraena"	"Hjördís"			
"Framric"	"Hjötra"			
"Freawine"	"Hlaðgunnr"			
"Freothogar"	"Hleið"			
"Frethi"	"Hlíf"			
"Frithegist"	"Líf"			
"Frithewald"	"Hlífhildr"			
"Frithogyth"	"Hlífey"			
"Frithstan"	"Hlín"			
"Gadd"	"Holma"			
"Gamal"	"Holmdís"			
"Garulf"	"Hólmfríðr"			
"Garwig"	"Hólmgerðr"			
"Garwulf"	"Hólmlaug"			
"Gewis"	"Holmvé"			
"Gifel"	"Hrafnhildr"			
"Gifemund"	"Rafnhildr"			
"Gis"	"Hrefna"			
"Gleadbeald"	"Hrímhildr"			
"Gleadwine"	"Hróða"			
"Goda"	"Hróðgerða"			
"Godbeorht"	"Hróðgærða"			
"Godcild"	"Hróðlaug"			
"Goddaeg"	"Hróðný"			
"Godhere"	"Hróðþjóð"			
"Goding"	"Hróðvé"			
"Godlamm"	"Huld"			
"Godloef"	"Hulda"			
"Godmari"	"Húngerðr"			
"Godraed"	"Húnhildr"			
"Godric"	"Iðunn"			
"Godrum"	"Ígulfríðr"			
"Godsbrand"	"Inga"			
"Godscalc"	"Ingibjörg"			
"Godser"	"Ingeborg"			
"Godstan"	"Ingeberg"			
"Godsunu"	"Ingiøy"			
"Godwig"	"Ingifríðr"			
"Godwine"	"Ingiriðr"			
"Goldwine"	"Ingriðr"			
"Grimbold"	"Ingigerðr"			
"Grimcytel"	"Ingigunnr"			
"Guthere"	"Ingilborg"			
"Guthlaf"	"Ingilaug"			
"Gyric"	"Ingileif"			
"Gyrth"	"Ingimóð"			
"Harold"	"Ingirún"			
"Heafoc"	"IngiveldrIngveldr"			
"Heahbeorth"	"Ingvildr"			
"Heathwulf"	"Ingvöldr"			
"Hebeca"	"Ingiþóra"			
"Heca"	"Ingríðr"			
"Hedde"	"Inguðr"			
"Hengest"	"Ingunn"			
"Herebeorht"	"Ísgerðr"			
"Herebryht"	"Isibel"			
"Hereferth"	"Ísönd"			
"Herefrith"	"Jarðrúðr"			
"Heremann"	"Jarþrúðr"			
"Heremond"	"Járngerðr"			
"Hereraed"	"Jódís"			
"Herewig"	"Jófast"			
"Herewulf"	"Jófríðr"			
"Hering"	"Jöfurfast"			
"Higbald"	"Jöfurföst"			
"Hildraed"	"Jöfurfríðr"			
"Hildsige"	"Iöfurfríðr"			
"Hildulfr"	"Jóhanna"			
"Hildwine"	"Jóka"			
"Hlothere"	"Jólinn"			
"Holman"	"Jóra"			
"Horsa"	"Jóreiðr"			
"Hrothgar"	"Jórhildr"			
"Huna"	"Jórunnr"			
"Hunbeorht"	"Jutta"			
"Hunberht"	"Kaðlín"			
"Hunfrith"	"Kára"			
"Hunlaf"	"Kata"			
"Hunman"	"Káta"			
"Hunraed"	"Katla"			
"Hunsige"	"Katrín"			
"Hunstan"	"KetilalfR"			
"Hunwine"	"KætilælfR"			
"Hussa"	"Ketiley"			
"Hutha"	"Ketilgerðr"			
"Hwaetman"	"Ketillaug"			
"Hwaetraed"	"Ketilríðr"			
"Hwita"	"Ketilvé"			
"Hygeberht"	"Kitta"			
"Hygebryht"	"Kjalvör"			
"Hygelac"	"Kolbrún"			
"Hygeraed"	"Kolfinna"			
"Iaenberht"	"Kolfrosta"			
"Ianberht"	"Kolgríma"			
"Ida"	"Kolla"			
"Ifa"	"Kolþerna"			
"Ifing"	"Kormlöð"			
"Ifllwine"	"Krafla"			
"Ine"	"Kristín"			
"Ingild"	"Kristrún"			
"Inguc"	"Langlíf"			
"Ingwald"	"Lauga"			
"Inwona"	"Leikný"			
"Iothete"	"Lekný"			
"Ithamar"	"Lækný"			
"Lanbeorht"	"Líf"			
"Lanferth"	"Hlíf"			
"Leodmar"	"Líknvé"			
"Leodulf"	"Lína"			
"Leodwald"	"Línhildr"			
"Leofa"	"Ljót"			
"Leofdaeg"	"Ljótunn"			
"Leofgar"	"Ljúfa"			
"Leofgod"	"Ljúfvina"			
"Leofhelm"	"Lofnheiðr"			
"Leofhyse"	"Lofthæna"			
"Leofing"	"Lopthæna"			
"Leofmaer"	"Lúta"			
"Leofman"	"Mábil"			
"Leofnoth"	"Mær"			
"Leofraed"	"MáR"			
"Leofric"	"Máfa"			
"Leofstan"	"Magnhildr"			
"Leofsunu"	"Máild"			
"Leofthegn"	"Málfríðr"			
"Leofweald"	"Mallymkun"			
"Leofweard"	"Málmfríðr"			
"Leofwig"	"Malmury"			
"Leofwine"	"Manga"			
"Lilla"	"Mardöll"			
"Liofa"	"Marþöll"			
"Ludeca"	"Margrét"			
"Lytelman"	"Máría"			
"Maccus"	"Marína"			
"Maegenraed"	"Matthildr"			
"Maegla"	"Mattildr"			
"Maethelweald"	"Mæva"			
"Manleof"	"Melkorka"			
"Manna"	"Mjaðveig"			
"Manni"	"Mjöll"			
"Mansige"	"Móbil"			
"Mantat"	"Móða"			
"Mantican"	"Móeiðr"			
"Manwine"	"Molda"			
"Merehwit"	"Mundgerðr"			
"Merewine"	"Mundgerða"			
"Mildred"	"Mundgærðr"			
"Moll"	"Mungærðr"			
"Morcaer"	"Myrgjöl"			
"Morkere"	"Myrgjol"			
"Mul"	"Mýrún"			
"Nothelm"	"Nauma"			
"Nun"	"Nereiðr"			
"Odda"	"Niðbjörg"			
"Offa"	"Oddbjörg"			
"Ohter"	"Oddfríðr"			
"Orc"	"Oddgerðr"			
"Ordbeorth"	"Oddkatla"			
"Ordgar"	"Oddlaug"			
"Ordheh"	"Oddleif"			
"Ordlaf"	"Oddný"			
"Ordric"	"Óðin-Dísa"			
"Ordulf"	"Ólaug"			
"Ordwig"	"Óleif"			
"Osbeorth"	"Ólæif"			
"Osbern"	"Ölhildr"			
"Oscytel"	"Ólöf"			
"Osfram"	"Ölrún"			
"Osfrith"	"Öndótt"			
"Osgar"	"Ormhildr"			
"Osgood"	"Ósk"			
"Oshere"	"Ótama"			
"Oslac"	"Otkatla"			
"Oslaf"	"Ráðhildr"			
"Osmaer"	"Rafarta"			
"Osmed"	"Raförta"			
"Osmund"	"Rafnhildr"			
"Osred"	"Hrafnhildr"			
"Osric"	"Ragna"			
"Osulf"	"RagnalfR"			
"Oswald"	"Ragnbjörg"			
"Osweald"	"Ragnfríðr"			
"Oswi"	"Ragnheiðr"			
"Oswine"	"Ragneiðr"			
"Oswiu"	"Ragnhildr"			
"Oswold"	"Ragnhilda"			
"Oswudu"	"Ragnvé"			
"Peada"	"Rannveig"			
"Pehtwine"	"Rögnveig"			
"Penda"	"Ragnvör"			
"Pendraed"	"Ragnþrúðr"			
"Peohtweald"	"Rakel"			
"Phytwin"	"Randalín"			
"Plegemund"	"Randvé"			
"Port"	"Ranka"			
"Praen"	"Rannveig"			
"Pusa"	"Reginleif"			
"Puttoc"	"Ríkuláta"			
"Raedmund"	"Ríkvé"			
"Raedwald"	"Rjúpa"			
"Raedwine"	"Róta"			
"Raedwulf"	"Rúna"			
"Raegnold"	"Rúnfríðr"			
"Rilberht"	"Salbjörg"			
"Rothulf"	"Saldís"			
"Saebeorht"	"Salgerðr"			
"Saebyrht"	"Salvör"			
"Saeferth"	"Sæhildr"			
"Saeger"	"Sæuðr"			
"Saemaer"	"Sæunn"			
"Saeric"	"Sandey"			
"Saewine"	"Sásgerðr"			
"Saxulf"	"Sefa"			
"Scrocmail"	"Sesilída"			
"Scurfa"	"Sibba"			
"Seaxbeorht"	"Síða"			
"Selred"	"Sigbjörg"			
"Seoca"	"Sigga"			
"Seolwine"	"Siggunnr"			
"Sexhelm"	"Siglaug"			
"Sibbi"	"Signý"			
"Sibyrht"	"Sigríðr"			
"Sicga"	"Sigrlaug"			
"Sideman"	"Sigrún"			
"Sidrac"	"Sigunnr"			
"Sigebriht"	"Sigveig"			
"Sigebyrht"	"Sigvör"			
"Sigeferth"	"Sigþrúðr"			
"Sigehelm"	"Sigrúðr"			
"Sigelm"	"Sissa"			
"Sighere"	"Skálphæna"			
"Sigulf"	"Skírlaug"			
"Siric"	"Skjaldfríðr"			
"Sithric"	"Skjaldvör"			
"Siward"	"Snælaug"			
"Smala"	"Snjólaug"			
"Smeawine"	"Sniólaug"			
"Snell"	"Snotra"			
"Snelling"	"Sölva"			
"Spearhafoc"	"Sólveig"			
"Sperman"	"Sölveig"			
"Sperling"	"Sólvör"			
"Stanmaer"	"Sölvör"			
"Stigand"	"Sóma"			
"Stithwulf"	"Sævör"			
"Stuf"	"Spana"			
"Swetric"	"Stafnhildr"			
"Swithulf"	"Stafnhilda"			
"Sygbald"	"Steina"			
"Tatwine"	"Stæina"			
"Teothic"	"Steinbjörg"			
"Theobald"	"Steinfríðr"			
"Theodric"	"Steinríðr"			
"Thurcytel"	"Steinhildr"			
"Thurferth"	"Steinlaug"			
"Thurstan"	"Steinnvör"			
"Tidgar"	"Steinvör"			
"Tidhelm"	"Steinor"			
"Tidraed"	"Steinunn"			
"Tidwine"	"Steinuðr"			
"Tidwulf"	"Stynfríðr"			
"Tilwine"	"Sunnifa"			
"Tilwulf"	"Svala"			
"Tirweald"	"Svana"			
"Tobias"	"Svanhildr"			
"Toglos"	"Svanlaug"			
"Tohrwulf"	"Sveina"			
"Torhthelm"	"Sveinheiðr"			
"Tredewude"	"Svínhildr"			
"Tunberht"	"Sylgja"			
"Twicga"	"Systa"			
"Ucede"	"Tíðfríðr"			
"Uhtraed"	"Tobba"			
"Uhtred"	"Tófa"			
"Ulf"	"Tóka"			
"Ulfcytel"	"Tóla"			
"Ulferth"	"Tonna"			
"Wada"	"Tóra"			
"Waebheard"	"Torfa"			
"Waedel"	"Totra"			
"Waehlheard"	"Uðr"			
"Waeldhelm"	"Unnr"			
"Waldere"	"Auðr"			
"Waltferth"	"Úlfeiðr"			
"Wendelbeorth"	"Úlfheiðr"			
"Weohstan"	"Úlfhildr"			
"Werhtherd"	"Úlfrún"			
"Whitgar"	"Una"			
"Widia"	"Unna"			
"Wiferth"	"Undrlaug"			
"Wig"	"Unnr"			
"Wigelm"	"Úrsúla"			
"Wigferth"	"Vætildr"			
"Wigheard"	"Vethildr"			
"Wighere"	"Valdís"			
"Wiglaf"	"Valgerðr"			
"Wigmund"	"Valka"			
"Wigthegn"	"VéalfR"			
"Wigulf"	"Vébjörg"			
"Wihtgar"	"Védís"			
"Wihtgil"	"Vefríðr"			
"Wihtmund"	"Végunnr"			
"Wihtred"	"Végerðr"			
"Wihtsige"	"Vélaug"			
"Wilbeorth"	"Véný"			
"Wilferth"	"Véreiðr"			
"Wilfred"	"Vérún"			
"Wilmund"	"Vígdís"			
"Wilnoth"	"Vilborg"			
"Wilsige"	"Vilgerðr"			
"Wilwulf"	"Name"			
"Wine"	"Ynghildr"			
"Winebeald"	"Yngvildr"			
"Winebeorth"	"Yngvöldr"			
"Winedaeg"	"Yrsa"			
"Winegod"	"Ýri"			
"Winegar"	"Ýrr"			
"Winemaer"	"Þjóðbjörg"			
"Winenoth"	"Þjóðgerðr"			
"Wineraed"	"Þjóðheiðr"			
"Winfred"	"Þjóðhildr"			
"Wipped"	"Þjóðvé"			
"Wistan"	"Þóra"			
"Wlencing"	"Þórarna"			
"Womaer"	"Þórbjörg"			
"Won"	"Þórdís"			
"Wulf"	"Þórelfr"			
"Wulfgar"	"Þórey"			
"Wulfgeat"	"Þórfinna"			
"Wulfheah"	"Þórfríða"			
"Wulfheard"	"Þórfríðr"			
"Wulfhelm"	"Þúríðr"			
"Wulthere"	"Þórgerðr"			
"Wulfherr"	"Þórgríma"			
"Wulflaf"	"Þórgunnr"			
"Wulfmaer"	"Þórhalla"			
"Wulfnoth"	"Þórheiðr"			
"Wulfraed"	"Þórhildr"			
"Wulfric"	"Þórhilda"			
"Wulfsige"	"Þórkatla"			
"Wulfstan"	"Þórlaug"			
"Wulfweard"	"Þórleif"			
"Wulfwig"	"Þórljót"			
"Wulfwine"	"Þórlöf"			
"Wynbeorht"	"Þórný"			
"Wynhelm"	"Þórodda"			
"Wynraed"	"Þórunn"			
"Wynsige"	"Þórvé"			
"Wynstan"	"Þýri"			
"Adils"	"Þórví"			
"Aevar"	"Þýrví"			
"Agmundr"	"Þórveig"			
"Aleifr"	"Þórvia"			
"Alf"	"Þórvör"			
"Alfketill"	"Þraslaug"			
"Aki"	"Þrúða"			
"Ali"	"Þrúðr"			
"Alrik"	"Þrúðrún"			
"Amundi"	"Þura"			
"An"	"Þuríðr"			
"Anakol"	"Þóríðr"			
"Anlaf"	"Þyra"			
"Anund"	"Thyra"			
"Ari"	"Þýri"			
"Arinbjorn"	"Þyrna"			
"Armod"	"Þyrnni"			
"Arn"	"Aebbe"			
"Arnbjorn"	"Aedwen"			
"Arnfinn"	"Aelfgyfu"			
"Arngeir"	"Aelfgyth"			
"Arngrim"	"Aelflaed"			
"Arnkel"	"Aelfswith"			
"Arnketill"	"Aelfthryth"			
"Arnlaug"	"Aelfwyn"			
"Arnljot"	"Aethelburg"			
"Arnor"	"Aethelburh"			
"Arnthor"	"Aethelflaed"			
"Arnulfr"	"Aethelgifu"			
"Arnvid"	"Aethelswith"			
"Aron"	"Aethelthryth"			
"Asbjorn"	"Agatha"			
"Asbrand"	"Agnes"			
"Asfrith"	"Ailred"			
"Asgaut"	"Beadohild"			
"Asgeir"	"Bebbe"			
"Asgrim"	"Beorngyth"			
"Askel"	"Berhtgyth"			
"Asketill"	"Bucge"			
"Aslak"	"Ceolburh"			
"Asmund"	"Cuthberg"			
"Asulf"	"Cuthburh"			
"Asvald"	"Cuthswith"			
"Asvard"	"Cwenburg"			
"Atli"	"Cwenburh"			
"Atsurr"	"Cyneberg"			
"Audbjorn"	"Cyneswith"			
"Audgisli"	"Cynethryth"			
"Audolf"	"Eadburg"			
"Audun"	"Eadgifu"			
"Austmathr"	"Eadgyth"			
"Authgrim"	"Ealhild"			
"Authketill"	"Ealhswith"			
"Authulf"	"Eanflaed"			
"Auti"	"Eangyth"			
"Balki"	"Eawyn"			
"Balli"	"Ecgfrida"			
"Bard"	"Ecgfrithu"			
"Baug"	"Edith"			
"Beinir"	"Emma"			
"Berg"	"Ercongota"			
"Bergfinn"	"Ethelflaed"			
"Bersi"	"Frythegith"			
"Birning"	"Frithugyth"			
"Bjalfi"	"Geatfleda"			
"Bjarni"	"Godgifu"			
"Bjartmar"	"Godgyth"			
"Bjorgulf"	"Gytha"			
"Bjorn"	"Heiu"			
"Bjornulf"	"Herelufu"			
"Blann"	"Hild"			
"Bodalf"	"Hilda"			
"Bodvar"	"Hildeburg"			
"Bolli"	"Hildegard"			
"Bolverk"	"Hildelith"			
"Borgar"	"Hildegyth"			
"Bork"	"Hildithryth"			
"Borstig"	"Inga"			
"Botulf"	"Leofgifu"			
"Bragi"	"Leofgyth"			
"Brand"	"Leoflaed"			
"Bretakollr"	"Leofrun"			
"Brodir"	"Leofwaru"			
"Brondulf"	"Maethild"			
"Bruni"	"Mathilda"			
"Brusi"	"Matilda"			
"Dag"	"Mildrith"			
"Dagfinn"	"Nothgyth"			
"Dunfjall"	"Oedilburga"			
"Dyri"	"Osgyth"			
"Egil"	"Osthryth"			
"Eid"	"Raenmaeld"			
"Eilif"	"Ricola"			
"Einar"	"Rienmellt"			
"Eindridi"	"Rymenhild"			
"Eirik"	"Saegyth"			
"Eldgrim"	"Saehild"			
"Erlend"	"Seaxburg"			
"Erling"	"Siflaed"			
"Ernmund"	"Waerburh"			
"Eskil"	"Wealhtheow"			
"Eydis"	"Wihtburg"			
"Eyjolf"	"Wulfwaru"			
"Eystein"	"Wulfwyn"			
"Eyvald"	"Wynflaed"			
"Eyvind"	"Ymma"			
"Fargrim"	"Abi"			
"Farmann"	"Aesa"			
"Farthegn"	"Aldis"			
"Fastulf"	"Alfdis"			
"Finn"	"Alfeid"			
"Finnleik"	"Alof"			
"Firthgest"	"Arnbjorg"			
"Flosi"	"Arngunn"			
"Forni"	"Arnkatla"			
"Fridgeir"	"Arnora"			
"Fridmund"	"Asa"			
"Frodi"	"Asdis"			
"Frostulf"	"Asfrid"			
"Gaetir"	"Asgard"			
"Galti"	"Aslaug"			
"Gauti"	"Asleif"			
"Gamal"	"Asny"			
"Gamli"	"Asta"			
"Gardar"	"Astrid"			
"Gardi"	"Asvor"			
"Gauk"	"Aud"			
"Gaut"	"Audbjorg"			
"Gavtvid"	"Audhild"			
"Geir"	"Bera"			
"Geirfinn"	"Bergljot"			
"Geirleif"	"Bergthora"			
"Geirmund"	"Bjartney"			
"Geirolf"	"Bjorg"			
"Geirstein"	"Bothild"			
"Geirthjof"	"Dalla"			
"Geitirgest"	"Dotta"			
"Gellir"	"Ermingard"			
"Gilli"	"Estrid"			
"Gisli"	"Freydis"			
"Glam"	"Freygerd"			
"Glum"	"Frida"			
"Gizur"	"Frideburg"			
"Gnupi"	"Fridgerd"			
"Gorm"	"Geirlaug"			
"Grani"	"Gerd"			
"Grettir"	"Gillaug"			
"Grim"	"Ginnlaug"			
"Grimar"	"Gjaflaug"			
"Grimkel"	"Gorm"			
"Grimolf"	"Grelod"			
"Grimwald"	"Grima"			
"Grind"	"Grimhild"			
"Gris"	"Groa"			
"Grith"	"Gudbjorg"			
"Grjotgard"	"Gudfinna"			
"Gudbrand"	"Gudfrid"			
"Gudlaug"	"Gudrid"			
"Gudleif"	"Gudrun"			
"Gudmund"	"Gunnhild"			
"Gudrik"	"Gunnvor"			
"Gudrod"	"Gyda"			
"Gulli"	"Gyrd"			
"Gunnar"	"Gyrid"			
"Gunnbjorn"	"Halla"			
"Gunnhautr"	"Hallbera"			
"Gunni"	"Hallberta"			
"Gunnlaug"	"Halldis"			
"Gunnleif"	"Halldora"			
"Gunnstein"	"Hallfrid"			
"Gunnulf"	"Hallgerd"			
"Guthhere"	"Hallgrim"			
"Guthorm"	"Hallkatla"			
"Guthroth"	"Hallveig"			
"Guthrum"	"Hedinfrid"			
"Hadd"	"Helga"			
"Haeng"	"Herbjorg"			
"Haf"	"Herdis"			
"Hafgrim"	"Hervor"			
"Haflidi"	"Hild"			
"Hafr"	"Hildigunn"			
"Hagi"	"Hildirid"			
"Hakon"	"Hlif"			
"Halfdan"	"Holmfrid"			
"Hall"	"Hrafnhild"			
"Hallad"	"Hrefna"			
"Hallbjorn"	"Hrodny"			
"Halldor"	"Hungerd"			
"Hallfred"	"Ingibjorg"			
"Hallgrim"	"Ingigerd"			
"Hallkel"	"Ingirid"			
"Hallmund"	"Ingirun"			
"Hallstein"	"Ingunn"			
"Hallvard"	"Isgerd"			
"Hamund"	"Jaddvor"			
"Hanef"	"Jodis"			
"Harald"	"Jofrid"			
"Hardbein"	"Joreid"			
"Harek"	"Jorunn"			
"Hauk"	"Ljot"			
"Havard"	"Ljufa"			
"Hedin"	"Luta"			
"Hegg"	"Kadlin"			
"Helgi"	"Katla"			
"Heming"	"Ketiloy"			
"Herjolf"	"Moeid"			
"Herlaug"	"Nidbjorg"			
"Hermund"	"Oddbjorg"			
"Herstein"	"Oddny"			
"Hildiglum"	"Odindis"			
"Hildir"	"Olof"			
"Hjalti"	"Ormhild"			
"Hjalkar"	"Osk"			
"Hjarrandi"	"Ottkatla"			
"Hjor"	"Rafarta"			
"Hjorleif"	"Ragna"			
"Hjort"	"Ragneid"			
"Hlenni"	"Ragnhild"			
"Hlodvir"	"Rannveig"			
"Hogni"	"Reginleif"			
"Holmgavt"	"Saeunn"			
"Holmgeir"	"Salbjorg"			
"Holmstein"	"Signy"			
"Hord"	"Sigrid"			
"Hoskuld"	"Sigvor"			
"Hosvir"	"Solveig"			
"Hraerek"	"Solvor"			
"Hrafn"	"Steinunn"			
"Hrafnkel"	"Steinvor"			
"Hrafnvartr"	"Svanlaug"			
"Hranfast"	"Thjodhild"			
"Hragnelf"	"Thora"			
"Hrapp"	"Thorbjorg"			
"Hreidar"	"Thordis"			
"Hreitharr"	"Thorelf"			
"Hrein"	"Thorfinna"			
"Hrifla"	"Thorfrid"			
"Hroald"	"Thorfrithr"			
"Hroar"	"Thorgerd"			
"Hrodgeir"	"Thorgunna"			
"Hrolf"	"Thorballa"			
"Hrollaug"	"Thorhild"			
"Hromund"	"Thorkatla"			
"Hrossbjorn"	"Thorlaug"			
"Hrosskel"	"Thorljot"			
"Hrut"	"Thorunn"			
"Hunbogi"	"Thorve"			
"Hundolfr"	"Thorvor"			
"Illugi"	"Thraslaug"			
"Ingemar"	"Thurid"			
"Ingi"	"Tofa"			
"Ingifast"	"Tola"			
"Ingimund"	"Ulfheid"			
"Ingjald"	"Una"			
"Ingolf"	"Unn"			
"Ioketill"	"Valborg"			
"Iorthr"	"Vandrad"			
"Iri"	"Valgerd"			
"Iric"	"Vigdis"			
"Isgaut"	"Yngvild"			
"Isi"	"Yri"			
"Isleif"	"Yrsa"			
"Isulf"	"Adelaide"			
"Ivar"	"Alais"			
"Jarlabanki"	"Arlette"			
"Jobjorn"	"Ermengarde"			
"Jokul"	"Hersende"			
"Jomar"	"Mathilde"			
"Jon"	"Milesende"			
"Jorund"	"Petronella"			
"Kadal"	"Adwen"			
"Kalf"	"Annest"			
"Kari"	"Angarad"			
"Karl"	"Arianwen"			
"Kaupmann"	"Briant"			
"Ketil"	"Collwen"			
"Ketilbjorn"	"Duddug"			
"Kjartan"	"Dwynwen"			
"Kjotvi"	"Eleri"			
"Klakkr"	"Ffraid"			
"Knut"	"Glesig"			
"Kodran"	"Glesni"			
"Koigrim"	"Gwen"			
"Kol"	"Heledd"			
"Kolbein"	"Indeg"			
"Kolskegg"	"Leri"			
"Kormak"	"Lleucu"			
"Konal"	"Llio"			
"Kori"	"Melangell"			
"Kotkel"	"Meleri"			
"Lambi"	"Nest"			
"Leidolf"	"Nia"			
"Leif"	"Abaigeal "			
"Lifolf"	"Addie "			
"Ljot"	"Aedammair "			
"Lodin"	"Affrica "			
"Lodmund"	"Agata "			
"Lopt"	"Aghna "			
"Lyting"	"Ághaistín "			
"Mak"	"Aideen "			
"Mar"	"Aifric "			
"Modolf"	"Aignéis "			
"Mord"	"Ailbhe "			
"Naerfi"	"Aileen "			
"Nefstein"	"Ailidh "			
"Njal"	"Ailionora "			
"Odd"	"Ailís "			
"Oddleif"	"Ailíse "			
"Odinkar"	"Allsún "			
"Ofeig"	"Aimilíona "			
"Ogmund"	"Áine "			
"Olaf"	"Aingeal "			
"Oleif"	"Ainsley "			
"Olvir"	"Airmid "			
"Ondott"	"Aisling "			
"Ongul"	"Aithne "			
"Onund"	"Alana "			
"Orest"	"Alastríona "			
"Orgumleidi"	"Alby "			
"Orlyg"	"Alma "			
"Orm"	"Alva "			
"Orn"	"Alvy "			
"Ornulf"	"Alyson "			
"Orri"	"Ana "			
"Orrin"	"Andraste "			
"Ospak"	"Ánna "			
"Osvif"	"Annstás "			
"Oswald"	"Anu "			
"Otkel"	"Aodhnait "			
"Otrygg"	"Aoibheann "			
"Ottar"	"Aoife "			
"Ozur"	"Areinh "			
"Saemund"	"Arlana "			
"Selkollr"	"Artis "			
"Serk"	"Asthore "			
"Sigbjorn"	"Attracta "			
"Sigbrand"	"Báb "			
"Sigebeorht"	"Badb "			
"Sigeferth"	"Baibín "			
"Sigegar"	"Báirbre "			
"Sigeheah"	"Bairrfhionn "			
"Sigehelm"	"Banba "			
"Sigehere"	"Bean Mhi "			
"Sigelac"	"Beare "			
"Sigemaer"	"Bébhinn "			
"Sigemund"	"Becuma "			
"Sigenoth"	"Benvy "			
"Sigeraed"	"Berrach "			
"Sigeric"	"Bernadette "			
"Sigestael"	"Bevin "			
"Sigeweard"	"Bidelia "			
"Sigewine"	"Binne "			
"Sigewulf"	"Blair "			
"Sigfast"	"Blaithin "			
"Sigfus"	"Bláthnaid "			
"Sigguatr"	"Blayne "			
"Sighvat"	"Blinne "			
"Sigmund"	"Boann "			
"Sighadd"	"Brazil "			
"Sigtrygg"	"Breck "			
"Sigurd"	"Breena "			
"Sigvaldi"	"Brenda "			
"Singasven"	"Brenna "			
"Skamkel"	"Bretta "			
"Skapti"	"Briana "			
"Skarf"	"Brianna "			
"Skegg"	"Brid "			
"Skidi"	"Brina "			
"Skjold"	"Brit "			
"Skopti"	"Bronagh "			
"Skorri"	"Bryg "			
"Skuf"	"Caer "			
"Skuli"	"Cahan "			
"Skurfa"	"Caillech "			
"Skuti"	"Caireach "			
"Slothi"	"Caireann "			
"Snaebjorn"	"Cait "			
"Snaekol"	"Caitriona "			
"Snae-Ulf"	"Caoilfhionn "			
"Snorri"	"Caoilinn "			
"Solmund"	"Caoimhe "			
"Solvi"	"Cara "			
"Sorli"	"Carmel "			
"Sod"	"Casidhe "			
"Spjut"	"Ceara "			
"Starkad"	"Cece "			
"Starri"	"Cecily "			
"Stein"	"Celach "			
"Steinar"	"Cessair "			
"Steinbitr"	"Ciannait "			
"Steinbjorn"	"Ciar "			
"Steingrim"	"Cinnie "			
"Steinkel"	"Clare "			
"Steinketill"	"Cliona "			
"Steinmod"	"Clodagh "			
"Steinolf"	"Cochrann "			
"Steinthor"	"Colleen "			
"Storolf"	"Conchobarre "			
"Sturla"	"Cordelia "			
"Styr"	"Cori "			
"Styrkar"	"Creidne "			
"Styrkollr"	"Cristín "			
"Styrmir"	"Cuimhne "			
"Sumarlidi"	"Cunneen "			
"Suit"	"Dairine "			
"Svafar"	"Dallas "			
"Svalfi"	"Damhnait "			
"Svan"	"Dana "			
"Svart"	"Darby "			
"Svartbrand"	"Darcy "			
"Svartgeirr"	"Daron "			
"Svartkollr"	"Davan "			
"Svartlingr"	"Dealla "			
"Svein"	"Dearbháil "			
"Sveinbjorn"	"Dechtire "			
"Sverting"	"Deirdre "			
"Svinulf"	"Delaney "			
"Swein"	"Delbchaem "			
"Teit"	"Derry "			
"Thidrandi"	"Devin "			
"Thidrik"	"Devnet "			
"Thjodofl"	"Doireann "			
"Thjostolf"	"Doneele "			
"Thokodolf"	"Donnfhlaidh "			
"Thoraldr"	"Druantia "			
"Thorarin"	"Duana "			
"Thorberg"	"Dubh "			
"Thorbjorn"	"Dubheasa "			
"Thorbrand"	"Dubh Lacha "			
"Thord"	"Dympna "			
"Thorfast"	"Eabha "			
"Thorfinn"	"Eachna "			
"Thorfrethr"	"Eadan "			
"Thorgaut"	"Éadaoin "			
"Thorgeir"	"Earlene "			
"Thorgest"	"Eavan "			
"Thorgils"	"Ebliu "			
"Thorgrim"	"Edana "			
"Thorhall"	"Eibhilín "			
"Thorlak"	"Eileánóir "			
"Thorir"	"Eileen "			
"Thorkel"	"Eilís "			
"Thorketil"	"Eimíle "			
"Thorleif"	"Eithne "			
"Thorleik"	"Elatha "			
"Thormod"	"Elva "			
"Thormothr"	"Emer "			
"Thometill"	"Ena "			
"Thorodd"	"Erin "			
"Thorolf"	"Erlina "			
"Thororm"	"Ernine "			
"Thorred"	"Etain "			
"Thorstein"	"Etaoin "			
"Thorvald"	"Evelyn "			
"Thorvard"	"Fainche "			
"Thorvid"	"Fallon "			
"Thrain"	"Fand "			
"Thrand"	"Feenat "			
"Throst"	"Fianait "			
"Tjorvi"	"Fedelm "			
"Tofi"	"Fenella "			
"Toki"	"Fethnaid "			
"Torfi"	"Fidelma "			
"Torrad"	"Finnsech "			
"Trandil"	"Finola "			
"Trygg"	"Fiona "			
"Tumi"	"Fionnabhair "			
"Tyrfing"	"Fionnuala "			
"Tyrkir"	"Flann "			
"Ubbein"	"Flannery "			
"Ufi"	"Flidais "			
"Uglubathr"	"Fodla "			
"Ulf"	"Fuamnach "			
"Ulfbjorn"	"Geileis "			
"Ulfgrim"	"Gemma "			
"Ulfketil"	"Glenna "			
"Ulfljot"	"Gobnait "			
"Uni"	"Gormlaith "			
"Unnulf"	"Gráinne "			
"Valbrand"	"Grania "			
"Valgard"	"Granuaile "			
"Vali"	"Guennola "			
"Valthjof"	"Gwendolyn "			
"Vandil"	"Gweneth "			
"Var"	"Hilde "			
"Vathlauss"	"Honorah "			
"Vebjorn"	"Íde "			
"Vebrand"	"Ina "			
"Vegeira"	"Isibéal "			
"Veleif"	"Isleen "			
"Vermund"	"Ite"			
"Vertlithi"	"Ide "			
"Vestar"	"Jilleen "			
"Vestein"	"Juliane "			
"Vestgeir"	"Kacey "			
"Veturlidi"	"Kassidy "			
"Vidkunn"	"Kathleen "			
"Vifil"	"Keara "			
"Vigbjord"	"Keavy "			
"Vigot"	"Keelie "			
"Vikar"	"Keelin "			
"Wealglist"	"Keena "			
"Wengo"	"Keira "			
"Yngvar"	"Kelly "			
"Ysoppa"	"Kenna "			
"Archambaud"	"Kennocha "			
"Bartolemi"	"Kerry "			
"Baoudouin"	"Kevyn "			
"Bertrand"	"Kiana "			
"Bohemond"	"Kiara "			
"Conan"	"Kiley "			
"Draco"	"Kinnat "			
"Drogo"	"Labhaoise "			
"Edward"	"Laoise "			
"Eustace"	"Lasair "			
"Falco"	"Lasairíona "			
"Fulk"	"Lavena "			
"Geoffrey"	"Leary "			
"Gervais"	"Liadan "			
"Godfroi"	"Lil "			
"Guy"	"Luiseach "			
"Henri"	"Mabh "			
"Odo"	"Macha "			
"Odon"	"Máda "			
"Otho"	"Madailéin "			
"Ranulf"	"Maeve "			
"Raymond"	"Maille "			
"Reynaud"	"Máire "			
"Reynault"	"Máiréad "			
"Richard"	"Mairin "			
"Robert"	"Mairsil "			
"Roger"	"Maitilde "			
"Rollo"	"Mallaidh "			
"Sebrand"	"Margo "			
"Simon"	"Margreg "			
"Stephen"	"Marsali "			
"Sulpice"	"Marta "			
"Tancred"	"Maureen "			
"Turold"	"Mave "			
"Vital"	"Mavelle "			
"Willeim"	"Meadghbh "			
"Wadward"	"Meagan "			
"Addonwy"	"Meara "			
"Afan"	"Medb "			
"Aneirin"	"Mell "			
"Aeddan"	"Melva "			
"Amig"	"Melvina "			
"Amlyn"	"Meriel "			
"Athrwys"	"Mess Buachalla "			
"Arddur"	"Mhari "			
"Buddfannan"	"Michaela "			
"Blaen"	"Mide "			
"Bledri"	"Moina "			
"Bradwen"	"Moira "			
"Bleddig"	"Mona "			
"Cadfannan"	"Moncha "			
"Cadfael"	"Moninne "			
"Cadwallon"	"Mór "			
"Cilydd"	"Moriath "			
"Cynon"	"Morrigan "			
"Cynfan"	"Morgan "			
"Cyfulch"	"Morna "			
"Cynrain"	"Moya "			
"Cunvelyn"	"Muadhnait "			
"Caradoc"	"Muireann "			
"Cibno"	"Muirin "			
"Ceredig"	"Muiriol "			
"Cadlew"	"Muirne "			
"Cynwal"	"Murine "			
"Clydno"	"Muirgheal "			
"Cynhafal"	"Murphey "			
"Dafydd"	"Myrna "			
"Defi"	"Naomh "			
"Dwyai"	"Nainsi "			
"Edar"	"Narbflaith "			
"Edern"	"Neala "			
"Eiddef"	"Nessa "			
"Erthgi"	"Nevina "			
"Elad"	"Nia "			
"Elffin"	"Niamh "			
"Eudaf"	"Nila "			
"Gwefrfawr"	"Noel "			
"Gwegon"	"Nola "			
"Gwion"	"Nora "			
"Gwyn"	"Noreen "			
"Gwarddur"	"Odharnait "			
"Gwern"	"Oilbhe "			
"Gwyleged"	"Onora "			
"Gwrien"	"Oona "			
"Gwraid"	"Orghlaith "			
"Gorthyn"	"Orla "			
"Gwaednerth"	"Ornice "			
"Gwengad"	"Ornóra "			
"Gwenabwy"	"Padraigin "			
"Gwrfelling"	"Paili "			
"Gwair"	"Payton "			
"Graid"	"Pegeen "			
"Geriant"	"Philomena "			
"Gwanon"	"Proinnséas "			
"Hyfaidd"	"Quincy "			
"Hywel"	"Ranait "			
"Ieuan"	"Regan "			
"Llywel"	"Regina "			
"Marchlew"	"Renny "			
"Moried"	"Richeal "			
"Morien"	"Rigru Roisclethan "			
"Madog"	"Riley "			
"Morial"	"Ríoghnach "			
"Mynyddog"	"Riomthach "			
"Merin"	"Riona "			
"Neilyn"	"Rionach "			
"Nwythorn"	"Róise "			
"Nai"	"Rori "			
"Nerthaid"	"Ros "			
"Niddig"	"Rosemary "			
"Nidian"	"Rowena "			
"Owain"	"Ryann "			
"Padern"	"Sadhbh "			
"Pedrog"	"Saoirse "			
"Ricerch"	"Saorla "			
"Rhodri"	"Saraid "			
"Rhufon"	"Sarah "			
"Rhun"	"Scathach "			
"Sawel"	"Sceanbh "			
"Seriol"	"Sean "			
"Sywno"	"Seana "			
"Tathal"	"Seanait "			
"Tathan"	"Seara "			
"Tudfwlch"	"Séarlait "			
"Tyngyr"	"Seosaimhthín "			
"Uren"	"Shanley "			
"Uwain"	"Shannon "			
"Ysgarran"	"Sílbhe "			
"Ailde"	"Sile "			
"Ailean"	"Síne "			
"Ailpein"	"Sinéad "			
"Airril"	"Siobhán "			
"Amhalghaidh"	"Siofra "			
"Angaidh"	"Siomha "			
"Aodh"	"Sive "			
"Aodhagan"	"Sláine "			
"Aodhan"	"Sorcha "			
"Aoidhean"	"Steise "			
"Aonghas"	"Súsanna "			
"Aonghasan"	"Sybil "			
"Armadal"	"Taillte "			
"Art"	"Tara "			
"Artagan"	"Teamhair "			
"Artair"	"Theneva "			
"Athairne"	"Tierney "			
"Baodan"	"Tipper "			
"Baoithein"	"Tlachtga "			
"Barra"	"Toiréasa "			
"Bearach"	"Treasa "			
"Bearchan"				
"Beatan"				
"Beathan"				
"Beisdean"				
"Blàr"				
"Blàthan "				
"Boisil"				
"Bran"				
"Branan"				
"Brandubh"				
"Breandan"				
"Breannan"				
"Brian"				
"Brianan"				
"Cailean"				
"Cairbre"				
"Caireall"				
"Camran"				
"Caoilte"				
"Caorall"				
"Carmag"				
"Catan"				
"Cathal"				
"Cathalan"				
"Cè"				
"Ceallach"				
"Cesan"				
"Ciaran"				
"Coinneach"				
"Coireall"				
"Coll"				
"Colla"				
"Còmhall"				
"Còmhan"				
"Conall"				
"Conan"				
"Conchar"				
"Conn"				
"Corc"				
"Cormag"				
"Cosgrach"				
"Cuirealan"				
"Curadan"				
"Dàn"				
"Diarmad"				
"Diocail"				
"Dobharcu"				
"Dolaidh"				
"Dòmhnallaidh"				
"Dòmhnallan"				
"Donaidh"				
"Donnach"				
"Donnan"				
"Donnchadh"				
"Donnchaidh"				
"Donnghail"				
"Drostan"				
"Dubh"				
"Dubhagan"				
"Dubhshìth"				
"Dubhthach"				
"Dùghall"				
"Dùghlas"				
"Duibhne"				
"Dunlèibhe"				
"Eachainn"				
"Eachann"				
"Eacharn"				
"Eadan"				
"Earc"				
"Earnan"				
"Eircheard"				
"Eochagan"				
"Eochaidh"				
"Eògan"				
"Eoghanan"				
"Eòghann"				
"Eòghnaidh"				
"Eònan"				
"Eòran"				
"Failbhe"				
"Faolagan"				
"Faolan"				
"Fearchar"				
"Feargan"				
"Fearghas"				
"Finnean"				
"Fìonan"				
"Fionghan"				
"Fionn"				
"Fionnchan"				
"Fionnghal"				
"Fionnlagan"				
"Fionnlagh"				
"Fionntan"				
"Flaithbheartach"				
"Flannagan"				
"Fotadh"				
"Friseal"				
"Gabhran"				
"Garbhan"				
"Gilleanndrais"				
"Gilleasbachan"				
"Gilleasbaig"				
"Gilleasp"				
"Gilleathain"				
"Gillebhrìghde"				
"Gillechrìosd"				
"Gilliosa"				
"Gòrdan"				
"Gormal"				
"Guaire"				
"Guinnein"				
"Guirmean"				
"Hùisdean"				
"Iùrnan"				
"Lachaidh"				
"Lachann"				
"Lachlainn"				
"Lachlann"				
"Laise"				
"Latharn"				
"Luag"				
"Lulach"				
"Macbeatha"				
"Machar"				
"Macrath"				
"Madadh"				
"Manachan"				
"Maoilios"				
"Maoldòmhnaich"				
"Maolmoire"				
"Maolsneachta"				
"Maon"				
"Mariubhe"				
"Moireach"				
"Muireach"				
"Muireachan"				
"Mungan"				
"Murchadh"				
"Murdaigean"				
"Naoghas"				
"Naoise"				
"Naomhan"				
"Neachdainn"				
"Neas"				
"Neasan"				
"Niall"				
"Niallghas"				
"Nilidh"				
"Ninean"				
"Ninnidh"				
"Odhran"				
"Oisean"				
"Oisian"				
"Onchu"				
"Osgar"				
"Rodachan"				
"Rodaidh"				
"Ròidh"				
"Roithridh"				
"Rònan"				
"Ros"				
"Ruairidh"				
"Ruarachan"				
"Scotaidh"				
"Sealbhach"				
"Searc"				
"Sèitheach"				
"Sionn"				
"Sòlas"				
"Suibhne"				
"Taog"				
"Taraghlan"				
"Taran"				
"Teàrlach"				
"Teàrlaidh"				
"Torradan"				
"Truinnean"				
"Uallas"				
"Ualraig"				
"Uisdean"				
